WP_000622657.1	120	126	PS00092|N6_MTASE	.	.	(0)	ILADPPY

WP_001281200.1	1	29	PS51257|PROKAR_LIPOPROTEIN	5.000	0	.	MSDLAMK------VLKWQSTGDVGISSATLASIAC

WP_002220617.1	1	17	PS51257|PROKAR_LIPOPROTEIN	6.000	0	.	MKKL------------------LIAAMMAAALAAC

WP_002233044.1	48	54	PS00290|IG_MHC	.	.	(-1)	FGCYAYH

WP_003089492.1	1	24	PS51257|PROKAR_LIPOPROTEIN	5.000	0	.	MKHG-----------CFTICRKFSLALAILALAGC

WP_003438006.1	1	20	PS51257|PROKAR_LIPOPROTEIN	7.000	0	.	MKLK--R-------------SLVCVTILGIILVGC
WP_003438006.1	1	20	PS51257|PROKAR_LIPOPROTEIN	7.000	0	.	MKLK--R-------------SLVCVTILGIILVGC

WP_003465396.1	1	32	PS51318|TAT	7.887	0	.	MTA---------SRRSLCLCLASLLAASGTAAAqQDPAAPA
WP_003465396.1	94	129	PS50222|EF_HAND_2	9.325	0	.	VADPVLRETFDTFDADADGALSREEYAHYQPgPGdP
WP_003465396.1	107	119	PS00018|EF_HAND_1	.	.	(0)	DADADGALSreEY

WP_003500616.1	1	20	PS51257|PROKAR_LIPOPROTEIN	7.000	0	.	MKRK---------------LTILSLAVLLGLMSGC

WP_003730791.1	1	18	PS51257|PROKAR_LIPOPROTEIN	6.000	0	.	MKKT-----------------SIIFIFCALLLTAC

WP_004477082.1	1	21	PS51257|PROKAR_LIPOPROTEIN	6.000	0	.	MKFSIIK--------------NLNLVFALFILSSC

WP_005736678.1	1	19	PS51257|PROKAR_LIPOPROTEIN	6.000	0	.	MKGL--K--------------LSLLVASLTVLTAC
WP_005736678.1	1	19	PS51257|PROKAR_LIPOPROTEIN	6.000	0	.	MKGL--K--------------LSLLVASLTVLTAC
WP_005736678.1	1	19	PS51257|PROKAR_LIPOPROTEIN	6.000	0	.	MKGL--K--------------LSLLVASLTVLTAC
WP_005736678.1	1	19	PS51257|PROKAR_LIPOPROTEIN	6.000	0	.	MKGL--K--------------LSLLVASLTVLTAC

WP_005853896.1	252	286	PS01109|RIBOSOMAL_L10	.	.	(-1)	NyyAifaINqagytnavnItiDnsSVTAwAAlfLR

WP_005964453.1	1	25	PS51257|PROKAR_LIPOPROTEIN	6.000	0	.	MKNH--R--------SGHILVAAGLALTMGLLGAC

WP_006601014.1	1	28	PS51318|TAT	7.768	0	.	MSR---------TRRDVLASLAGVGVAGLAGC---TALDA

WP_006601015.1	1	34	PS51318|TAT	7.904	0	.	MSLP--------TRRQVLRAGGASLVAALAGCSgeGSGSSSS

WP_006777724.1	1	17	PS51257|PROKAR_LIPOPROTEIN	5.000	0	.	MIRP------------------VFLLTSFFLLSGC

WP_008670619.1	721	730	PS00142|ZINC_PROTEASE	.	.	.	VLAHEIQHTI

WP_009875007.1	1	16	PS51257|PROKAR_LIPOPROTEIN	6.000	0	.	MKKL-------------------MLLALSLVTVAC

WP_010372422.1	56	93	PS50966|ZF_SWIM	10.324	0	.	YAVELVWRNGSLRGRCDCPIGQQAEFCKHQVAVALSWA
WP_010372422.1	56	93	PS50966|ZF_SWIM	10.324	0	.	YAVELVWRNGSLRGRCDCPIGQQAEFCKHQVAVALSWA
WP_010372422.1	354	407	PS50293|TPR_REGION	8.856	0	.	--------------GRQRQALEWLERGVKADPQDGRLLAALATAYVRDGFPEDALTLRWKAYLLMPNE
WP_010372422.1	354	407	PS50293|TPR_REGION	8.856	0	.	--------------GRQRQALEWLERGVKADPQDGRLLAALATAYVRDGFPEDALTLRWKAYLLMPNE

WP_010761561.1	1	18	PS51257|PROKAR_LIPOPROTEIN	6.000	0	.	MKRT-----------------IGLVFFCLFLLTGC

WP_011052559.1	1	23	PS51257|PROKAR_LIPOPROTEIN	5.000	0	.	MRTT------------SVSSSLALALAGVLAVSGC

WP_011054740.1	25	37	PS00018|EF_HAND_1	.	.	(-1)	DTSQERLIEffDI

WP_014601168.1	1	19	PS51257|PROKAR_LIPOPROTEIN	6.000	0	.	MKKT----------------SIIFILCALLSITAC

WP_020223141.1	1	26	PS51257|PROKAR_LIPOPROTEIN	8.000	0	.	MMKR-KR--------QRKLSLGFFLIVLCVILTGC

WP_021368246.1	2	114	PS51750|BRO_N	10.216	0	.	NNELMNFENNELGIKIRTIKYEDGSIGINaEDTAVGFGWCQTQnKNGKQYVSIRWE------TINKYCKEFGFLNLLGKDEYIPESLFYLLGMKAKNEIAVKFQTWLAVDVLPSIRQTG
WP_021368246.1	2	114	PS51750|BRO_N	10.216	0	.	NNELMNFENNELGIKIRTIKYEDGSIGINaEDTAVGFGWCQTQnKNGKQYVSIRWE------TINKYCKEFGFLNLLGKDEYIPESLFYLLGMKAKNEIAVKFQTWLAVDVLPSIRQTG
WP_021368246.1	2	114	PS51750|BRO_N	10.216	0	.	NNELMNFENNELGIKIRTIKYEDGSIGINaEDTAVGFGWCQTQnKNGKQYVSIRWE------TINKYCKEFGFLNLLGKDEYIPESLFYLLGMKAKNEIAVKFQTWLAVDVLPSIRQTG
WP_021368246.1	2	114	PS51750|BRO_N	10.216	0	.	NNELMNFENNELGIKIRTIKYEDGSIGINaEDTAVGFGWCQTQnKNGKQYVSIRWE------TINKYCKEFGFLNLLGKDEYIPESLFYLLGMKAKNEIAVKFQTWLAVDVLPSIRQTG

WP_025288893.1	1	23	PS51257|PROKAR_LIPOPROTEIN	6.000	0	.	MTLK--K----------HSLTICVSLALLGSLTAC
WP_025288893.1	260	270	PS00178|AA_TRNA_LIGASE_I	.	.	(-1)	Pn.SNdIHLGNI

WP_027325608.1	1	20	PS51257|PROKAR_LIPOPROTEIN	6.000	0	.	MKKV---------------IALVLWIVLLVLLTSC

WP_028972289.1	1	27	PS51257|PROKAR_LIPOPROTEIN	6.000	0	.	MFTT-KK-------QTTPIRFLVILILSTAFFAGC

WP_031280359.1	156	162	PS00290|IG_MHC	.	.	(-1)	FDCVVGH

WP_035473662.1	1	20	PS51257|PROKAR_LIPOPROTEIN	6.000	0	.	MKKL---------------LLLASTAVTAALMVSC

WP_038263652.1	1	20	PS51257|PROKAR_LIPOPROTEIN	6.000	0	.	MKKI---------------LTTLLVLVMAFTLIGC
WP_038263652.1	246	256	PS00133|CARBOXYPEPT_ZN_2	.	.	(-1)	HGFDTVYeYPY

WP_043907005.1	165	171	PS00092|N6_MTASE	.	.	(-1)	LLTNPPY

WP_048769490.1	1	22	PS51257|PROKAR_LIPOPROTEIN	6.000	0	.	MKLR-------------PLVLVVGAALSVTLVAGC

WP_049620019.1	51	60	PS00449|ATPASE_A	.	.	(-1)	ATAVRLGVNM
WP_049620019.1	51	60	PS00449|ATPASE_A	.	.	(-1)	ATAVRLGVNM

WP_049620022.1	66	77	PS00139|THIOL_PROTEASE_CYS	.	.	(0)	QNqSGRCWMfAG

WP_049905409.1	1	21	PS51257|PROKAR_LIPOPROTEIN	7.000	0	.	MNRR--R------------VLATLSAAVFGTVAGC

WP_049967030.1	52	58	PS00092|N6_MTASE	.	.	(-1)	AVLDPPF

WP_054272991.1	1	22	PS51257|PROKAR_LIPOPROTEIN	7.000	0	.	MKKK-------------VCFLFSILIVICLAIVGC

WP_054646812.1	1	16	PS51257|PROKAR_LIPOPROTEIN	6.000	0	.	MKKW-------------------IWGVIVVVVVAC

WP_055335298.1	1	18	PS51257|PROKAR_LIPOPROTEIN	6.000	0	.	MKRF-----------------VFLLMASLCVLAGC

WP_055651629.1	1	21	PS51257|PROKAR_LIPOPROTEIN	7.000	0	.	MKAR--R------------IYPSALVLSLLFLSGC

WP_056968315.1	418	427	PS00142|ZINC_PROTEASE	.	.	.	SFIHEYGHYL

WP_059430491.1	1	17	PS51257|PROKAR_LIPOPROTEIN	5.000	0	.	MRNL------------------AIFVLLALLFTGC

WP_061114105.1	111	121	PS00136|SUBTILASE_ASP	.	.	(-1)	SGVMDSGLvs.H

WP_067148639.1	1	25	PS51257|PROKAR_LIPOPROTEIN	6.000	0	.	MKKI----------LCVVVLAMFVLGVVLGSVGAC

WP_067148721.1	6	25	PS00448|CLOS_CELLULOSOME_RPT	.	.	(-1)	DLDvNidVDSgDlekVqKiL

WP_067469406.1	632	699	PS50293|TPR_REGION	9.698	0	.	ASARFGLADNALRRSVYRSVVRLMDGASQVGPDQVRAADLLGHTYLHNARFAEAAELFESTLEAAREA

WP_067483622.1	23	121	PS51100|PTS_EIIB_TYPE_3	14.217	0	.	LSGSFMSDKGLLQTQILNSKLQSLMNKSGKKVIVDTYESSQINKYGEQADVILLTPSFSFAQKDIEKQFPK--IPVIEISKRDYGLLNIENIYQEILNVVK-----

WP_067573762.1	47	56	PS00159|ALDOLASE_KDPG_KHG_1	.	.	(-1)	GMntgELTLR

WP_069180115.1	1796	1805	PS00142|ZINC_PROTEASE	.	.	.	TFMHEMAHNF

WP_070461774.1	462	495	PS50005|TPR	9.558	0	.	ANVLYQRSMVYEKLNQPGKAIADLRRVVELYPDN
WP_070461774.1	462	564	PS50293|TPR_REGION	21.050	0	.	ANVLYQRSMVYEKLNQPGKAIADLRRVVELYPDNPHGWNALGYTLLSSGkDLEEAFKMVQTAYQMEPESAAINDSVGWAYYLKGDAQMALPYIQYAYEKEPEA
WP_070461774.1	531	564	PS50005|TPR	6.992	0	R	AAINDSVGWAYYLKGDAQMALPYIQYAYEKEPEA
WP_070461774.1	564	597	PS50293|TPR_REGION	6.768	0	R	AEVAAHLGEVLWTLGDQDKAKEIWNDGLKRGSNL

WP_070773623.1	1	19	PS51257|PROKAR_LIPOPROTEIN	5.000	0	.	MHLR----------------TSIILSLSVLSLGAC
WP_070773623.1	1	19	PS51257|PROKAR_LIPOPROTEIN	5.000	0	.	MHLR----------------TSIILSLSVLSLGAC

WP_073356606.1	3	138	PS51096|PTS_EIIA_TYPE_4	18.572	0	.	DSRILIVAHSPLASALLQCALHVFPDCGQyVAALDVQADEHPQESLDRALQQLarlpvgeaACVGHAAPLLVLTDLFGATPSNVAHRLAaLSLagvSAVRVIAGVNLPMLVRAISYR--HEPLADWVERAVSGGVNGV

WP_073584245.1	1	28	PS51257|PROKAR_LIPOPROTEIN	6.000	0	.	MKKY-------QLLGLVSVAVSSALFAQQAAASAC

WP_076171491.1	1	20	PS51257|PROKAR_LIPOPROTEIN	5.000	0	.	MEKI---------------LCILMIGILSIGVVAC

WP_087508443.1	337	346	PS00120|LIPASE_SER	.	.	.	VALVGHSQGG

WP_097531021.1	257	404	PS50887|GGDEF	13.718	0	.	NKLAILKMDVDNLGSVFSDRisSLDQAQKLSKQFQGFFDKTLFKiwweqdefksNVYPIFVGGDDCFIVG---AWDKVLPFAKAINDAFQENF---GGEYSLSAGIVIVDPKHPVISFAELAEEALSDAKKKnnfnesfsksehKKNSISIFNE

WP_097560003.1	257	404	PS50887|GGDEF	14.266	0	.	NKLAILKMDVDNLGSVFSDRisSLDQAQKLSKQFQGFFDKTLFKiwweqdefksNVYPIFVGGDDCFIVG---AWDKVLPFAKAINDAFQENF---GGEYSLSAGIVIVDPKHPVISLAELAEEALSDAKRKsnfnesfsksehKKNSISIFNE

WP_097609625.1	1	18	PS51257|PROKAR_LIPOPROTEIN	5.000	0	.	MNLK-----------------NMLFSSIIISGVAC

WP_102697509.1	63	73	PS00639|THIOL_PROTEASE_HIS	.	.	(-1)	TYHALRTTGNA

WP_103169593.1	157	173	PS00216|SUGAR_TRANSPORT_1	.	.	(-1)	GMANADKYGRKcaypl.S

WP_103607150.1	1	18	PS51257|PROKAR_LIPOPROTEIN	6.000	0	.	MKKA-----------------LFLGFSALLLLVGC

WP_104530698.1	450	459	PS00142|ZINC_PROTEASE	.	.	.	AVLHEVWHGY

WP_139088678.1	126	140	PS00211|ABC_TRANSPORTER_1	.	.	(-1)	VAAGNPRALGVIITA

WP_146156717.1	1	19	PS51257|PROKAR_LIPOPROTEIN	6.000	0	.	MKLR----------------LINFTMLTVMLLSGC

WP_150105943.1	52	206	PS51898|TYR_RECOMBINASE	12.561	0	.	PEVSVVPLKDFDATLQQMPPY------LRAICSLAYVTGLRINDIRKLDLGAIR---ERLSVRASKTQKVHQFPI---------------PPWCLRqlQAAGDV-----PRDQHTLYRHQKKACKAAGVDYY-TFHDLRVLSANtwNSLAMGLgPLILGNSLPGWSK---ATAHYLNAHDALFERIAD

WP_155119168.1	1	26	PS51257|PROKAR_LIPOPROTEIN	5.000	0	.	MKTI---------LTTKLLITKPLITFVLFMTASC

WP_156428211.1	1	21	PS51257|PROKAR_LIPOPROTEIN	6.000	0	.	MTHMRGR--------------LTLLLIGASALSGC

WP_156860187.1	1	30	PS51257|PROKAR_LIPOPROTEIN	5.000	0	.	MDWQHHR-----VVVVRAAAGMAAAVTVAASLAGC

WP_158530341.1	1	152	PS50901|FTSK	19.951	0	.	-----------------------------------------MKAEVTICDIKQADLA---ELAGVMPNVT-YKEGGIVSAIRRVTQEMMERYEYLRSLPNYTTGKDFSYYN----LPPKFIIVDEYVALLERMKKSAdkngkadresFESCVSQIVLMGRQAGVFLILATQRPDAQYLSGNVRDQLGARISLGQMSSDGYK

WP_223290818.1	1	17	PS51257|PROKAR_LIPOPROTEIN	6.000	0	.	MFKK------------------ISSVSLVITLAAC
WP_223290818.1	1	17	PS51257|PROKAR_LIPOPROTEIN	6.000	0	.	MFKK------------------ISSVSLVITLAAC
